{
  "main_course_info": [
    {
      "name":"锅包肉",
      "num":0,
      "price":10,
      "image": "http://p0.meituan.net/wmproduct/a63d062c73bc6f5a6857d9f8c52f1973220172.jpg%40120w_120h_1e_1c_1l%7Cwatermark%3D1%26%26r%3D1%26p%3D9%26x%3D2%26y%3D2%26relative%3D1%26o%3D20"
    },
    {
      "name":"大拉皮",
      "num":0,
      "price":11,
      "image": "http://p0.meituan.net/xianfuwm/fcb9cd5b04ac5857b0d9cfdd255cc9d8202752.jpg%40120w_120h_1e_1c_1l%7Cwatermark%3D1%26%26r%3D1%26p%3D9%26x%3D2%26y%3D2%26relative%3D1%26o%3D20"
    },
    {
      "name":"烤蛭",
      "num":0,
      "price":12,
      "image": "https://qcloud.dpfile.com/pc/W9AMUjRy88DXu11ZNOge26vBwInt2TQfXHsO3DAbe2E36-xvDGHosSE8LMjFc96QPhs7dg-nJiEQ7N9gut4mklEuLYk00OmSS1IdNpm8K8sG4JN9RIm2mTKcbLtc2o2vfCF2ubeXzk49OsGrXt_KYDCngOyCwZK-s3fqawWswzk.jpg"
    },
    {
      "name":"香薰骨",
      "num":0,
      "price":14,
      "image": "https://qcloud.dpfile.com/pc/5-GiTKUjF7MC51AyqXuJbUGkxeBTUXFRrx1UDNdTGKsf-C60XS1ZLhaJmRN2Hng_Phs7dg-nJiEQ7N9gut4mklEuLYk00OmSS1IdNpm8K8sG4JN9RIm2mTKcbLtc2o2vfCF2ubeXzk49OsGrXt_KYDCngOyCwZK-s3fqawWswzk.jpg"
    },
    {
      "name":"鱼丸汤",
      "num":0,
      "price":15,
      "image": "https://qcloud.dpfile.com/pc/Nec02cUvlfJq7zzuy5HMDuzaT79KwYBMMs0YDx54iXWipuAflbCJKK6UI9lwcqKpPhs7dg-nJiEQ7N9gut4mklEuLYk00OmSS1IdNpm8K8sG4JN9RIm2mTKcbLtc2o2vfCF2ubeXzk49OsGrXt_KYDCngOyCwZK-s3fqawWswzk.jpg"
    },
    {
      "name":"茄盒",
      "num":0,
      "price":13,
      "image": "https://qcloud.dpfile.com/pc/IC68DvQ_R1vxXm8MuE9K0ODifeeL1wquPbXl1yewgIZfIrBx1qjFI1IJwOwyeAgbPhs7dg-nJiEQ7N9gut4mklEuLYk00OmSS1IdNpm8K8sG4JN9RIm2mTKcbLtc2o2vfCF2ubeXzk49OsGrXt_KYDCngOyCwZK-s3fqawWswzk.jpg"
    },
    {
      "name":"小秋葵",
      "num":0,
      "price":29,
      "image": "https://qcloud.dpfile.com/pc/GL7o6jOT-4KtYlPJl3dvW5dmYKCandncK02rsAos3EgxhtwBi2iuEK289FfWyH_ePhs7dg-nJiEQ7N9gut4mklEuLYk00OmSS1IdNpm8K8sG4JN9RIm2mTKcbLtc2o2vfCF2ubeXzk49OsGrXt_KYDCngOyCwZK-s3fqawWswzk.jpg"
    },
    {
      "name":"关东肉饼",
      "num":0,
      "price":35,
      "image": "https://qcloud.dpfile.com/pc/IC68DvQ_R1vxXm8MuE9K0ODifeeL1wquPbXl1yewgIZfIrBx1qjFI1IJwOwyeAgbPhs7dg-nJiEQ7N9gut4mklEuLYk00OmSS1IdNpm8K8sG4JN9RIm2mTKcbLtc2o2vfCF2ubeXzk49OsGrXt_KYDCngOyCwZK-s3fqawWswzk.jpg"
    },
    {
      "name":"杏鲍菇焗牛肉粒",
      "num":0,
      "price":59,
      "image": "http://p1.meituan.net/xianfu/b4263c6eb418d734d4e10222e7f5643465486.jpg%40120w_120h_1e_1c_1l%7Cwatermark%3D1%26%26r%3D1%26p%3D9%26x%3D2%26y%3D2%26relative%3D1%26o%3D20"
    },
    {
      "name":"毛血旺",
      "num":0,
      "price":13,
      "image": "http://p1.meituan.net/xianfuwm/74198bf666e602c9137e2546dd12e614258048.jpg%40120w_120h_1e_1c_1l%7Cwatermark%3D1%26%26r%3D1%26p%3D9%26x%3D2%26y%3D2%26relative%3D1%26o%3D20"
    },
    {
      "name":"猪肘子",
      "num":0,
      "price":75,
      "image": "http://p1.meituan.net/wmproduct/5857a0657e13b34364225e0d73e87779258693.jpg%40120w_120h_1e_1c_1l%7Cwatermark%3D1%26%26r%3D1%26p%3D9%26x%3D2%26y%3D2%26relative%3D1%26o%3D20"
    },
    {
      "name":"糖醋鱼",
      "num":0,
      "price":75,
      "image": "http://p0.meituan.net/xianfu/4b2ba7fc1562c75b92d4c01bdc0d52fa66707.jpg%40120w_120h_1e_1c_1l%7Cwatermark%3D1%26%26r%3D1%26p%3D9%26x%3D2%26y%3D2%26relative%3D1%26o%3D20"
    },
    {
      "name":"花椒鱼",
      "num":0,
      "price":75,
      "image": "http://p0.meituan.net/wmproduct/c0d9263977e85a0c67c30836101ecb6f1005579.jpg%40120w_120h_1e_1c_1l%7Cwatermark%3D1%26%26r%3D1%26p%3D9%26x%3D2%26y%3D2%26relative%3D1%26o%3D20"
    },
    {
      "name":"京酱肉丝",
      "num":0,
      "price":75,
      "image": "https://qcloud.dpfile.com/pc/Y75JFjl3JKEGGecLaWPg15bfSKipSc9xl6cec4z2oHdiOxsFwAwtY6ekKBRZXWeJPhs7dg-nJiEQ7N9gut4mklEuLYk00OmSS1IdNpm8K8sG4JN9RIm2mTKcbLtc2o2vfCF2ubeXzk49OsGrXt_KYDCngOyCwZK-s3fqawWswzk.jpg"
    },
    {
      "name":"鱼香肉丝",
      "num":0,
      "price":75,
      "image": "http://p0.meituan.net/xianfuwm/13220e705be9570bdd8d2727e5bce2a365536.jpg%40120w_120h_1e_1c_1l%7Cwatermark%3D1%26%26r%3D1%26p%3D9%26x%3D2%26y%3D2%26relative%3D1%26o%3D20"
    },
    {
      "name":"红烧肉焖蛋",
      "num":0,
      "price":75,
      "image": "https://qcloud.dpfile.com/pc/vvaBfKGgkVHFv5S8WQK86vAPJCO7-c4ATvEBBazLVfJaPK-u1xGv2EDOXo9h_4jRPhs7dg-nJiEQ7N9gut4mklEuLYk00OmSS1IdNpm8K8sG4JN9RIm2mTKcbLtc2o2vfCF2ubeXzk49OsGrXt_KYDCngOyCwZK-s3fqawWswzk.jpg"
    }
  ]

}