{"tabledata":
[{
    "date": "2021-07-03",
    "name": "admin",
    "orderquantities": "100",
    "unusual": "否",
    "income": 66666,
    "comfirm": "已确认"
  }, {
    "date": "2021-07-02",
    "name": "admin",
    "orderquantities": "100",
    "unusual": "否",
    "income": 66666,
    "comfirm": "已确认"
  }, {
    "date": "2021-07-04",
    "name": "admin",
    "orderquantities": "100",
    "unusual": "否",
    "income": 66666,
    "comfirm": "已确认"
  }, {
    "date": "2021-07-01",
    "name": "admin",
    "orderquantities": "100",
    "unusual": "否",
    "income": 66666,
    "comfirm": "已确认"
  }, {
    "date": "2021-06-30",
    "name": "admin",
    "orderquantities": "100",
    "unusual": "否",
    "income": 66666,
    "comfirm": "已确认"
  }, {
    "date": "2021-06-29",
    "name": "admin",
    "orderquantities": "100",
    "unusual": "否",
    "income": 66666,
    "comfirm": "已确认"
  }, {
    "date": "2021-06-28",
    "name": "admin",
    "orderquantities": 100,
    "unusual":"否",
    "income": 66666,
    "comfirm": "已确认"
  }]}