{
"tabledata":[
    {
      "table": "1",
      "person": "2",
      "status": "未付款",
      "num": "4",
      "cost": "￥8.80",
      "id": "1"
    },
    {
        "table": "1",
        "person": "2",
        "status": "未付款",
        "num": "4",
        "cost": "￥8.80",
        "id": "2"
      },
      {
        "table": "1",
        "person": "2",
        "status": "未付款",
        "num": "4",
        "cost": "￥8.80",
        "id": "3"
      },
      {
       " table": "1",
        "person": "2",
        "status": "未付款",
        "num": "4",
       " cost": "￥8.80",
        "id": "4"
      },
      {
        "table": "1",
        "person": "2",
        "status": "未付款",
       " num": "4",
        "cost": "￥8.80",
        "id": "5"
      },
      {
        "table": "1",
        "person": "2",
        "status": "未付款",
        "num": "4",
        "cost": "￥8.80",
        "id": "6"
      },
      {
        "table": "1",
       " person": "2",
        "status": "未付款",
        "num": "4",
        "cost": "￥8.80",
        "id": "7"
      },
      {
       " table": "1",
        "person": "2",
        "status": "未付款",
        "num": "4",
        "cost": "￥8.80",
       " id": "8"
      },
      {
        "table": "1",
        "person": "2",
        "status": "未付款",
       " num": "4",
        "cost": "￥8.80",
        "id": "9"
      },
      {
        "table": "1",
        "person": "2",
        "status": "未付款",
        "num": "4",
       " cost": "￥8.80",
        "id": "10"
      },
      {
        "table": "1",
        "person": "2",
        "status": "未付款",
        "num": "4",
        "cost": "￥8.80",
        "id": "11"
      },
      {
        "table": "1",
        "person": "2",
        "status": "未付款",
        "num": "4",
        "cost": "￥8.80",
        "id": "12"
      }
    ]
  }