<?xml version="1.0" encoding="UTF-8"?>
<!DOCTYPE mapper PUBLIC "-//mybatis.org//DTD Mapper 3.0//EN" "http://mybatis.org/dtd/mybatis-3-mapper.dtd">
<mapper namespace="com.example.restaurant_back.mapper.DishMapper">
  <resultMap id="BaseResultMap" type="com.example.restaurant_back.bean.Dish">
    <id column="name" jdbcType="VARCHAR" property="name" />
    <result column="price" jdbcType="DOUBLE" property="price" />
    <result column="category" jdbcType="INTEGER" property="category" />
    <result column="image" jdbcType="VARCHAR" property="image" />
    <result column="inventory" jdbcType="INTEGER" property="inventory" />
  </resultMap>
  <sql id="Example_Where_Clause">
    <where>
      <foreach collection="oredCriteria" item="criteria" separator="or">
        <if test="criteria.valid">
          <trim prefix="(" prefixOverrides="and" suffix=")">
            <foreach collection="criteria.criteria" item="criterion">
              <choose>
                <when test="criterion.noValue">
                  and ${criterion.condition}
                </when>
                <when test="criterion.singleValue">
                  and ${criterion.condition} #{criterion.value}
                </when>
                <when test="criterion.betweenValue">
                  and ${criterion.condition} #{criterion.value} and #{criterion.secondValue}
                </when>
                <when test="criterion.listValue">
                  and ${criterion.condition}
                  <foreach close=")" collection="criterion.value" item="listItem" open="(" separator=",">
                    #{listItem}
                  </foreach>
                </when>
              </choose>
            </foreach>
          </trim>
        </if>
      </foreach>
    </where>
  </sql>
  <sql id="Update_By_Example_Where_Clause">
    <where>
      <foreach collection="example.oredCriteria" item="criteria" separator="or">
        <if test="criteria.valid">
          <trim prefix="(" prefixOverrides="and" suffix=")">
            <foreach collection="criteria.criteria" item="criterion">
              <choose>
                <when test="criterion.noValue">
                  and ${criterion.condition}
                </when>
                <when test="criterion.singleValue">
                  and ${criterion.condition} #{criterion.value}
                </when>
                <when test="criterion.betweenValue">
                  and ${criterion.condition} #{criterion.value} and #{criterion.secondValue}
                </when>
                <when test="criterion.listValue">
                  and ${criterion.condition}
                  <foreach close=")" collection="criterion.value" item="listItem" open="(" separator=",">
                    #{listItem}
                  </foreach>
                </when>
              </choose>
            </foreach>
          </trim>
        </if>
      </foreach>
    </where>
  </sql>
  <sql id="Base_Column_List">
    name, price, category, image, inventory
  </sql>
  <select id="selectByExample" parameterType="com.example.restaurant_back.bean.DishExample" resultMap="BaseResultMap">
    select
    <if test="distinct">
      distinct
    </if>
    <include refid="Base_Column_List" />
    from dish
    <if test="_parameter != null">
      <include refid="Example_Where_Clause" />
    </if>
    <if test="orderByClause != null">
      order by ${orderByClause}
    </if>
  </select>
  <select id="selectByPrimaryKey" parameterType="java.lang.String" resultMap="BaseResultMap">
    select 
    <include refid="Base_Column_List" />
    from dish
    where name = #{name,jdbcType=VARCHAR}
  </select>
  <delete id="deleteByPrimaryKey" parameterType="java.lang.String">
    delete from dish
    where name = #{name,jdbcType=VARCHAR}
  </delete>
  <delete id="deleteByExample" parameterType="com.example.restaurant_back.bean.DishExample">
    delete from dish
    <if test="_parameter != null">
      <include refid="Example_Where_Clause" />
    </if>
  </delete>
  <insert id="insert" parameterType="com.example.restaurant_back.bean.Dish">
    insert into dish (name, price, category, 
      image, inventory)
    values (#{name,jdbcType=VARCHAR}, #{price,jdbcType=DOUBLE}, #{category,jdbcType=INTEGER}, 
      #{image,jdbcType=VARCHAR}, #{inventory,jdbcType=INTEGER})
  </insert>
  <insert id="insertSelective" parameterType="com.example.restaurant_back.bean.Dish">
    insert into dish
    <trim prefix="(" suffix=")" suffixOverrides=",">
      <if test="name != null">
        name,
      </if>
      <if test="price != null">
        price,
      </if>
      <if test="category != null">
        category,
      </if>
      <if test="image != null">
        image,
      </if>
      <if test="inventory != null">
        inventory,
      </if>
    </trim>
    <trim prefix="values (" suffix=")" suffixOverrides=",">
      <if test="name != null">
        #{name,jdbcType=VARCHAR},
      </if>
      <if test="price != null">
        #{price,jdbcType=DOUBLE},
      </if>
      <if test="category != null">
        #{category,jdbcType=INTEGER},
      </if>
      <if test="image != null">
        #{image,jdbcType=VARCHAR},
      </if>
      <if test="inventory != null">
        #{inventory,jdbcType=INTEGER},
      </if>
    </trim>
  </insert>
  <select id="countByExample" parameterType="com.example.restaurant_back.bean.DishExample" resultType="java.lang.Long">
    select count(*) from dish
    <if test="_parameter != null">
      <include refid="Example_Where_Clause" />
    </if>
  </select>
  <update id="updateByExampleSelective" parameterType="map">
    update dish
    <set>
      <if test="record.name != null">
        name = #{record.name,jdbcType=VARCHAR},
      </if>
      <if test="record.price != null">
        price = #{record.price,jdbcType=DOUBLE},
      </if>
      <if test="record.category != null">
        category = #{record.category,jdbcType=INTEGER},
      </if>
      <if test="record.image != null">
        image = #{record.image,jdbcType=VARCHAR},
      </if>
      <if test="record.inventory != null">
        inventory = #{record.inventory,jdbcType=INTEGER},
      </if>
    </set>
    <if test="_parameter != null">
      <include refid="Update_By_Example_Where_Clause" />
    </if>
  </update>
  <update id="updateByExample" parameterType="map">
    update dish
    set name = #{record.name,jdbcType=VARCHAR},
      price = #{record.price,jdbcType=DOUBLE},
      category = #{record.category,jdbcType=INTEGER},
      image = #{record.image,jdbcType=VARCHAR},
      inventory = #{record.inventory,jdbcType=INTEGER}
    <if test="_parameter != null">
      <include refid="Update_By_Example_Where_Clause" />
    </if>
  </update>
  <update id="updateByPrimaryKeySelective" parameterType="com.example.restaurant_back.bean.Dish">
    update dish
    <set>
      <if test="price != null">
        price = #{price,jdbcType=DOUBLE},
      </if>
      <if test="category != null">
        category = #{category,jdbcType=INTEGER},
      </if>
      <if test="image != null">
        image = #{image,jdbcType=VARCHAR},
      </if>
      <if test="inventory != null">
        inventory = #{inventory,jdbcType=INTEGER},
      </if>
    </set>
    where name = #{name,jdbcType=VARCHAR}
  </update>
  <update id="updateByPrimaryKey" parameterType="com.example.restaurant_back.bean.Dish">
    update dish
    set price = #{price,jdbcType=DOUBLE},
      category = #{category,jdbcType=INTEGER},
      image = #{image,jdbcType=VARCHAR},
      inventory = #{inventory,jdbcType=INTEGER}
    where name = #{name,jdbcType=VARCHAR}
  </update>
</mapper>