<?xml version="1.0" encoding="UTF-8"?>
<!DOCTYPE mapper PUBLIC "-//mybatis.org//DTD Mapper 3.0//EN" "http://mybatis.org/dtd/mybatis-3-mapper.dtd">
<mapper namespace="com.example.restaurant_back.mapper.NoticeMapper">
  <resultMap id="BaseResultMap" type="com.example.restaurant_back.bean.Notice">
    <result column="notice_id" jdbcType="INTEGER" property="noticeId" />
    <result column="from_admin" jdbcType="INTEGER" property="fromAdmin" />
    <result column="text" jdbcType="VARCHAR" property="text" />
  </resultMap>
  <sql id="Example_Where_Clause">
    <where>
      <foreach collection="oredCriteria" item="criteria" separator="or">
        <if test="criteria.valid">
          <trim prefix="(" prefixOverrides="and" suffix=")">
            <foreach collection="criteria.criteria" item="criterion">
              <choose>
                <when test="criterion.noValue">
                  and ${criterion.condition}
                </when>
                <when test="criterion.singleValue">
                  and ${criterion.condition} #{criterion.value}
                </when>
                <when test="criterion.betweenValue">
                  and ${criterion.condition} #{criterion.value} and #{criterion.secondValue}
                </when>
                <when test="criterion.listValue">
                  and ${criterion.condition}
                  <foreach close=")" collection="criterion.value" item="listItem" open="(" separator=",">
                    #{listItem}
                  </foreach>
                </when>
              </choose>
            </foreach>
          </trim>
        </if>
      </foreach>
    </where>
  </sql>
  <sql id="Update_By_Example_Where_Clause">
    <where>
      <foreach collection="example.oredCriteria" item="criteria" separator="or">
        <if test="criteria.valid">
          <trim prefix="(" prefixOverrides="and" suffix=")">
            <foreach collection="criteria.criteria" item="criterion">
              <choose>
                <when test="criterion.noValue">
                  and ${criterion.condition}
                </when>
                <when test="criterion.singleValue">
                  and ${criterion.condition} #{criterion.value}
                </when>
                <when test="criterion.betweenValue">
                  and ${criterion.condition} #{criterion.value} and #{criterion.secondValue}
                </when>
                <when test="criterion.listValue">
                  and ${criterion.condition}
                  <foreach close=")" collection="criterion.value" item="listItem" open="(" separator=",">
                    #{listItem}
                  </foreach>
                </when>
              </choose>
            </foreach>
          </trim>
        </if>
      </foreach>
    </where>
  </sql>
  <sql id="Base_Column_List">
    notice_id, from_admin, text
  </sql>
  <select id="selectByExample" parameterType="com.example.restaurant_back.bean.NoticeExample" resultMap="BaseResultMap">
    select
    <if test="distinct">
      distinct
    </if>
    <include refid="Base_Column_List" />
    from notice
    <if test="_parameter != null">
      <include refid="Example_Where_Clause" />
    </if>
    <if test="orderByClause != null">
      order by ${orderByClause}
    </if>
  </select>
  <delete id="deleteByExample" parameterType="com.example.restaurant_back.bean.NoticeExample">
    delete from notice
    <if test="_parameter != null">
      <include refid="Example_Where_Clause" />
    </if>
  </delete>
  <insert id="insert" parameterType="com.example.restaurant_back.bean.Notice">
    insert into notice (notice_id, from_admin, text
      )
    values (#{noticeId,jdbcType=INTEGER}, #{fromAdmin,jdbcType=INTEGER}, #{text,jdbcType=VARCHAR}
      )
  </insert>
  <insert id="insertSelective" parameterType="com.example.restaurant_back.bean.Notice">
    insert into notice
    <trim prefix="(" suffix=")" suffixOverrides=",">
      <if test="noticeId != null">
        notice_id,
      </if>
      <if test="fromAdmin != null">
        from_admin,
      </if>
      <if test="text != null">
        text,
      </if>
    </trim>
    <trim prefix="values (" suffix=")" suffixOverrides=",">
      <if test="noticeId != null">
        #{noticeId,jdbcType=INTEGER},
      </if>
      <if test="fromAdmin != null">
        #{fromAdmin,jdbcType=INTEGER},
      </if>
      <if test="text != null">
        #{text,jdbcType=VARCHAR},
      </if>
    </trim>
  </insert>
  <select id="countByExample" parameterType="com.example.restaurant_back.bean.NoticeExample" resultType="java.lang.Long">
    select count(*) from notice
    <if test="_parameter != null">
      <include refid="Example_Where_Clause" />
    </if>
  </select>
  <update id="updateByExampleSelective" parameterType="map">
    update notice
    <set>
      <if test="record.noticeId != null">
        notice_id = #{record.noticeId,jdbcType=INTEGER},
      </if>
      <if test="record.fromAdmin != null">
        from_admin = #{record.fromAdmin,jdbcType=INTEGER},
      </if>
      <if test="record.text != null">
        text = #{record.text,jdbcType=VARCHAR},
      </if>
    </set>
    <if test="_parameter != null">
      <include refid="Update_By_Example_Where_Clause" />
    </if>
  </update>
  <update id="updateByExample" parameterType="map">
    update notice
    set notice_id = #{record.noticeId,jdbcType=INTEGER},
      from_admin = #{record.fromAdmin,jdbcType=INTEGER},
      text = #{record.text,jdbcType=VARCHAR}
    <if test="_parameter != null">
      <include refid="Update_By_Example_Where_Clause" />
    </if>
  </update>
</mapper>