<?xml version="1.0" encoding="UTF-8"?>
<!DOCTYPE mapper PUBLIC "-//mybatis.org//DTD Mapper 3.0//EN" "http://mybatis.org/dtd/mybatis-3-mapper.dtd">
<mapper namespace="com.example.restaurant_back.mapper.OrderDishMapper">
  <resultMap id="BaseResultMap" type="com.example.restaurant_back.bean.OrderDish">
    <result column="order_id" jdbcType="INTEGER" property="orderId" />
    <result column="name" jdbcType="VARCHAR" property="name" />
    <result column="amount" jdbcType="INTEGER" property="amount" />
    <result column="price" jdbcType="DOUBLE" property="price" />
    <result column="cooking" jdbcType="BIT" property="cooking" />
    <result column="finish" jdbcType="BIT" property="finish" />
  </resultMap>
  <sql id="Example_Where_Clause">
    <where>
      <foreach collection="oredCriteria" item="criteria" separator="or">
        <if test="criteria.valid">
          <trim prefix="(" prefixOverrides="and" suffix=")">
            <foreach collection="criteria.criteria" item="criterion">
              <choose>
                <when test="criterion.noValue">
                  and ${criterion.condition}
                </when>
                <when test="criterion.singleValue">
                  and ${criterion.condition} #{criterion.value}
                </when>
                <when test="criterion.betweenValue">
                  and ${criterion.condition} #{criterion.value} and #{criterion.secondValue}
                </when>
                <when test="criterion.listValue">
                  and ${criterion.condition}
                  <foreach close=")" collection="criterion.value" item="listItem" open="(" separator=",">
                    #{listItem}
                  </foreach>
                </when>
              </choose>
            </foreach>
          </trim>
        </if>
      </foreach>
    </where>
  </sql>
  <sql id="Update_By_Example_Where_Clause">
    <where>
      <foreach collection="example.oredCriteria" item="criteria" separator="or">
        <if test="criteria.valid">
          <trim prefix="(" prefixOverrides="and" suffix=")">
            <foreach collection="criteria.criteria" item="criterion">
              <choose>
                <when test="criterion.noValue">
                  and ${criterion.condition}
                </when>
                <when test="criterion.singleValue">
                  and ${criterion.condition} #{criterion.value}
                </when>
                <when test="criterion.betweenValue">
                  and ${criterion.condition} #{criterion.value} and #{criterion.secondValue}
                </when>
                <when test="criterion.listValue">
                  and ${criterion.condition}
                  <foreach close=")" collection="criterion.value" item="listItem" open="(" separator=",">
                    #{listItem}
                  </foreach>
                </when>
              </choose>
            </foreach>
          </trim>
        </if>
      </foreach>
    </where>
  </sql>
  <sql id="Base_Column_List">
    order_id, name, amount, price, cooking, finish
  </sql>
  <select id="selectByExample" parameterType="com.example.restaurant_back.bean.OrderDishExample" resultMap="BaseResultMap">
    select
    <if test="distinct">
      distinct
    </if>
    <include refid="Base_Column_List" />
    from order_dish
    <if test="_parameter != null">
      <include refid="Example_Where_Clause" />
    </if>
    <if test="orderByClause != null">
      order by ${orderByClause}
    </if>
  </select>
  <delete id="deleteByExample" parameterType="com.example.restaurant_back.bean.OrderDishExample">
    delete from order_dish
    <if test="_parameter != null">
      <include refid="Example_Where_Clause" />
    </if>
  </delete>
  <insert id="insert" parameterType="com.example.restaurant_back.bean.OrderDish">
    insert into order_dish (order_id, name, amount, 
      price, cooking, finish)
    values (#{orderId,jdbcType=INTEGER}, #{name,jdbcType=VARCHAR}, #{amount,jdbcType=INTEGER}, 
      #{price,jdbcType=DOUBLE}, #{cooking,jdbcType=BIT}, #{finish,jdbcType=BIT})
  </insert>
  <insert id="insertSelective" parameterType="com.example.restaurant_back.bean.OrderDish">
    insert into order_dish
    <trim prefix="(" suffix=")" suffixOverrides=",">
      <if test="orderId != null">
        order_id,
      </if>
      <if test="name != null">
        name,
      </if>
      <if test="amount != null">
        amount,
      </if>
      <if test="price != null">
        price,
      </if>
      <if test="cooking != null">
        cooking,
      </if>
      <if test="finish != null">
        finish,
      </if>
    </trim>
    <trim prefix="values (" suffix=")" suffixOverrides=",">
      <if test="orderId != null">
        #{orderId,jdbcType=INTEGER},
      </if>
      <if test="name != null">
        #{name,jdbcType=VARCHAR},
      </if>
      <if test="amount != null">
        #{amount,jdbcType=INTEGER},
      </if>
      <if test="price != null">
        #{price,jdbcType=DOUBLE},
      </if>
      <if test="cooking != null">
        #{cooking,jdbcType=BIT},
      </if>
      <if test="finish != null">
        #{finish,jdbcType=BIT},
      </if>
    </trim>
  </insert>
  <select id="countByExample" parameterType="com.example.restaurant_back.bean.OrderDishExample" resultType="java.lang.Long">
    select count(*) from order_dish
    <if test="_parameter != null">
      <include refid="Example_Where_Clause" />
    </if>
  </select>
  <update id="updateByExampleSelective" parameterType="map">
    update order_dish
    <set>
      <if test="record.orderId != null">
        order_id = #{record.orderId,jdbcType=INTEGER},
      </if>
      <if test="record.name != null">
        name = #{record.name,jdbcType=VARCHAR},
      </if>
      <if test="record.amount != null">
        amount = #{record.amount,jdbcType=INTEGER},
      </if>
      <if test="record.price != null">
        price = #{record.price,jdbcType=DOUBLE},
      </if>
      <if test="record.cooking != null">
        cooking = #{record.cooking,jdbcType=BIT},
      </if>
      <if test="record.finish != null">
        finish = #{record.finish,jdbcType=BIT},
      </if>
    </set>
    <if test="_parameter != null">
      <include refid="Update_By_Example_Where_Clause" />
    </if>
  </update>
  <update id="updateByExample" parameterType="map">
    update order_dish
    set order_id = #{record.orderId,jdbcType=INTEGER},
      name = #{record.name,jdbcType=VARCHAR},
      amount = #{record.amount,jdbcType=INTEGER},
      price = #{record.price,jdbcType=DOUBLE},
      cooking = #{record.cooking,jdbcType=BIT},
      finish = #{record.finish,jdbcType=BIT}
    <if test="_parameter != null">
      <include refid="Update_By_Example_Where_Clause" />
    </if>
  </update>
</mapper>