<?xml version="1.0" encoding="UTF-8"?>
<!DOCTYPE mapper PUBLIC "-//mybatis.org//DTD Mapper 3.0//EN" "http://mybatis.org/dtd/mybatis-3-mapper.dtd">
<mapper namespace="com.example.restaurant_back.mapper.OrderMapper">
  <resultMap id="BaseResultMap" type="com.example.restaurant_back.bean.Order">
    <id column="order_id" jdbcType="INTEGER" property="orderId" />
    <result column="table_num" jdbcType="INTEGER" property="tableNum" />
    <result column="person_num" jdbcType="INTEGER" property="personNum" />
    <result column="user_name" jdbcType="VARCHAR" property="userName" />
    <result column="create_time" jdbcType="TIMESTAMP" property="createTime" />
    <result column="pay_time" jdbcType="TIMESTAMP" property="payTime" />
    <result column="pay_status" jdbcType="BIT" property="payStatus" />
    <result column="cost" jdbcType="DOUBLE" property="cost" />
  </resultMap>
  <sql id="Example_Where_Clause">
    <where>
      <foreach collection="oredCriteria" item="criteria" separator="or">
        <if test="criteria.valid">
          <trim prefix="(" prefixOverrides="and" suffix=")">
            <foreach collection="criteria.criteria" item="criterion">
              <choose>
                <when test="criterion.noValue">
                  and ${criterion.condition}
                </when>
                <when test="criterion.singleValue">
                  and ${criterion.condition} #{criterion.value}
                </when>
                <when test="criterion.betweenValue">
                  and ${criterion.condition} #{criterion.value} and #{criterion.secondValue}
                </when>
                <when test="criterion.listValue">
                  and ${criterion.condition}
                  <foreach close=")" collection="criterion.value" item="listItem" open="(" separator=",">
                    #{listItem}
                  </foreach>
                </when>
              </choose>
            </foreach>
          </trim>
        </if>
      </foreach>
    </where>
  </sql>
  <sql id="Update_By_Example_Where_Clause">
    <where>
      <foreach collection="example.oredCriteria" item="criteria" separator="or">
        <if test="criteria.valid">
          <trim prefix="(" prefixOverrides="and" suffix=")">
            <foreach collection="criteria.criteria" item="criterion">
              <choose>
                <when test="criterion.noValue">
                  and ${criterion.condition}
                </when>
                <when test="criterion.singleValue">
                  and ${criterion.condition} #{criterion.value}
                </when>
                <when test="criterion.betweenValue">
                  and ${criterion.condition} #{criterion.value} and #{criterion.secondValue}
                </when>
                <when test="criterion.listValue">
                  and ${criterion.condition}
                  <foreach close=")" collection="criterion.value" item="listItem" open="(" separator=",">
                    #{listItem}
                  </foreach>
                </when>
              </choose>
            </foreach>
          </trim>
        </if>
      </foreach>
    </where>
  </sql>
  <sql id="Base_Column_List">
    order_id, table_num, person_num, user_name, create_time, pay_time, pay_status, cost
  </sql>
  <select id="selectByExample" parameterType="com.example.restaurant_back.bean.OrderExample" resultMap="BaseResultMap">
    select
    <if test="distinct">
      distinct
    </if>
    <include refid="Base_Column_List" />
    from custm_order
    <if test="_parameter != null">
      <include refid="Example_Where_Clause" />
    </if>
    <if test="orderByClause != null">
      order by ${orderByClause}
    </if>
  </select>
  <select id="selectByPrimaryKey" parameterType="java.lang.Integer" resultMap="BaseResultMap">
    select 
    <include refid="Base_Column_List" />
    from custm_order
    where order_id = #{orderId,jdbcType=INTEGER}
  </select>
  <delete id="deleteByPrimaryKey" parameterType="java.lang.Integer">
    delete from custm_order
    where order_id = #{orderId,jdbcType=INTEGER}
  </delete>
  <delete id="deleteByExample" parameterType="com.example.restaurant_back.bean.OrderExample">
    delete from custm_order
    <if test="_parameter != null">
      <include refid="Example_Where_Clause" />
    </if>
  </delete>
  <insert id="insert" parameterType="com.example.restaurant_back.bean.Order">
    insert into custm_order (order_id, table_num, person_num, 
      user_name, create_time, pay_time, 
      pay_status, cost)
    values (#{orderId,jdbcType=INTEGER}, #{tableNum,jdbcType=INTEGER}, #{personNum,jdbcType=INTEGER}, 
      #{userName,jdbcType=VARCHAR}, #{createTime,jdbcType=TIMESTAMP}, #{payTime,jdbcType=TIMESTAMP}, 
      #{payStatus,jdbcType=BIT}, #{cost,jdbcType=DOUBLE})
  </insert>
  <insert id="insertSelective" parameterType="com.example.restaurant_back.bean.Order">
    insert into custm_order
    <trim prefix="(" suffix=")" suffixOverrides=",">
      <if test="orderId != null">
        order_id,
      </if>
      <if test="tableNum != null">
        table_num,
      </if>
      <if test="personNum != null">
        person_num,
      </if>
      <if test="userName != null">
        user_name,
      </if>
      <if test="createTime != null">
        create_time,
      </if>
      <if test="payTime != null">
        pay_time,
      </if>
      <if test="payStatus != null">
        pay_status,
      </if>
      <if test="cost != null">
        cost,
      </if>
    </trim>
    <trim prefix="values (" suffix=")" suffixOverrides=",">
      <if test="orderId != null">
        #{orderId,jdbcType=INTEGER},
      </if>
      <if test="tableNum != null">
        #{tableNum,jdbcType=INTEGER},
      </if>
      <if test="personNum != null">
        #{personNum,jdbcType=INTEGER},
      </if>
      <if test="userName != null">
        #{userName,jdbcType=VARCHAR},
      </if>
      <if test="createTime != null">
        #{createTime,jdbcType=TIMESTAMP},
      </if>
      <if test="payTime != null">
        #{payTime,jdbcType=TIMESTAMP},
      </if>
      <if test="payStatus != null">
        #{payStatus,jdbcType=BIT},
      </if>
      <if test="cost != null">
        #{cost,jdbcType=DOUBLE},
      </if>
    </trim>
  </insert>
  <select id="countByExample" parameterType="com.example.restaurant_back.bean.OrderExample" resultType="java.lang.Long">
    select count(*) from custm_order
    <if test="_parameter != null">
      <include refid="Example_Where_Clause" />
    </if>
  </select>
  <update id="updateByExampleSelective" parameterType="map">
    update custm_order
    <set>
      <if test="record.orderId != null">
        order_id = #{record.orderId,jdbcType=INTEGER},
      </if>
      <if test="record.tableNum != null">
        table_num = #{record.tableNum,jdbcType=INTEGER},
      </if>
      <if test="record.personNum != null">
        person_num = #{record.personNum,jdbcType=INTEGER},
      </if>
      <if test="record.userName != null">
        user_name = #{record.userName,jdbcType=VARCHAR},
      </if>
      <if test="record.createTime != null">
        create_time = #{record.createTime,jdbcType=TIMESTAMP},
      </if>
      <if test="record.payTime != null">
        pay_time = #{record.payTime,jdbcType=TIMESTAMP},
      </if>
      <if test="record.payStatus != null">
        pay_status = #{record.payStatus,jdbcType=BIT},
      </if>
      <if test="record.cost != null">
        cost = #{record.cost,jdbcType=DOUBLE},
      </if>
    </set>
    <if test="_parameter != null">
      <include refid="Update_By_Example_Where_Clause" />
    </if>
  </update>
  <update id="updateByExample" parameterType="map">
    update custm_order
    set order_id = #{record.orderId,jdbcType=INTEGER},
      table_num = #{record.tableNum,jdbcType=INTEGER},
      person_num = #{record.personNum,jdbcType=INTEGER},
      user_name = #{record.userName,jdbcType=VARCHAR},
      create_time = #{record.createTime,jdbcType=TIMESTAMP},
      pay_time = #{record.payTime,jdbcType=TIMESTAMP},
      pay_status = #{record.payStatus,jdbcType=BIT},
      cost = #{record.cost,jdbcType=DOUBLE}
    <if test="_parameter != null">
      <include refid="Update_By_Example_Where_Clause" />
    </if>
  </update>
  <update id="updateByPrimaryKeySelective" parameterType="com.example.restaurant_back.bean.Order">
    update custm_order
    <set>
      <if test="tableNum != null">
        table_num = #{tableNum,jdbcType=INTEGER},
      </if>
      <if test="personNum != null">
        person_num = #{personNum,jdbcType=INTEGER},
      </if>
      <if test="userName != null">
        user_name = #{userName,jdbcType=VARCHAR},
      </if>
      <if test="createTime != null">
        create_time = #{createTime,jdbcType=TIMESTAMP},
      </if>
      <if test="payTime != null">
        pay_time = #{payTime,jdbcType=TIMESTAMP},
      </if>
      <if test="payStatus != null">
        pay_status = #{payStatus,jdbcType=BIT},
      </if>
      <if test="cost != null">
        cost = #{cost,jdbcType=DOUBLE},
      </if>
    </set>
    where order_id = #{orderId,jdbcType=INTEGER}
  </update>
  <update id="updateByPrimaryKey" parameterType="com.example.restaurant_back.bean.Order">
    update custm_order
    set table_num = #{tableNum,jdbcType=INTEGER},
      person_num = #{personNum,jdbcType=INTEGER},
      user_name = #{userName,jdbcType=VARCHAR},
      create_time = #{createTime,jdbcType=TIMESTAMP},
      pay_time = #{payTime,jdbcType=TIMESTAMP},
      pay_status = #{payStatus,jdbcType=BIT},
      cost = #{cost,jdbcType=DOUBLE}
    where order_id = #{orderId,jdbcType=INTEGER}
  </update>
</mapper>