<?xml version="1.0" encoding="UTF-8"?>
<!DOCTYPE mapper PUBLIC "-//mybatis.org//DTD Mapper 3.0//EN" "http://mybatis.org/dtd/mybatis-3-mapper.dtd">
<mapper namespace="com.example.restaurant_back.mapper.StaffMapper">
  <resultMap id="BaseResultMap" type="com.example.restaurant_back.bean.Staff">
    <id column="user_name" jdbcType="VARCHAR" property="userName" />
    <result column="password" jdbcType="VARCHAR" property="password" />
    <result column="id_number" jdbcType="VARCHAR" property="idNumber" />
    <result column="tel" jdbcType="INTEGER" property="tel" />
    <result column="work_id" jdbcType="INTEGER" property="workId" />
    <result column="identity" jdbcType="INTEGER" property="identity" />
    <result column="name" jdbcType="VARCHAR" property="name" />
  </resultMap>
  <resultMap extends="BaseResultMap" id="ResultMapWithBLOBs" type="com.example.restaurant_back.bean.Staff">
    <result column="portrait" jdbcType="LONGVARBINARY" property="portrait" />
  </resultMap>
  <sql id="Example_Where_Clause">
    <where>
      <foreach collection="oredCriteria" item="criteria" separator="or">
        <if test="criteria.valid">
          <trim prefix="(" prefixOverrides="and" suffix=")">
            <foreach collection="criteria.criteria" item="criterion">
              <choose>
                <when test="criterion.noValue">
                  and ${criterion.condition}
                </when>
                <when test="criterion.singleValue">
                  and ${criterion.condition} #{criterion.value}
                </when>
                <when test="criterion.betweenValue">
                  and ${criterion.condition} #{criterion.value} and #{criterion.secondValue}
                </when>
                <when test="criterion.listValue">
                  and ${criterion.condition}
                  <foreach close=")" collection="criterion.value" item="listItem" open="(" separator=",">
                    #{listItem}
                  </foreach>
                </when>
              </choose>
            </foreach>
          </trim>
        </if>
      </foreach>
    </where>
  </sql>
  <sql id="Update_By_Example_Where_Clause">
    <where>
      <foreach collection="example.oredCriteria" item="criteria" separator="or">
        <if test="criteria.valid">
          <trim prefix="(" prefixOverrides="and" suffix=")">
            <foreach collection="criteria.criteria" item="criterion">
              <choose>
                <when test="criterion.noValue">
                  and ${criterion.condition}
                </when>
                <when test="criterion.singleValue">
                  and ${criterion.condition} #{criterion.value}
                </when>
                <when test="criterion.betweenValue">
                  and ${criterion.condition} #{criterion.value} and #{criterion.secondValue}
                </when>
                <when test="criterion.listValue">
                  and ${criterion.condition}
                  <foreach close=")" collection="criterion.value" item="listItem" open="(" separator=",">
                    #{listItem}
                  </foreach>
                </when>
              </choose>
            </foreach>
          </trim>
        </if>
      </foreach>
    </where>
  </sql>
  <sql id="Base_Column_List">
    user_name, password, id_number, tel, work_id, identity, name
  </sql>
  <sql id="Blob_Column_List">
    portrait
  </sql>
  <select id="selectByExampleWithBLOBs" parameterType="com.example.restaurant_back.bean.StaffExample" resultMap="ResultMapWithBLOBs">
    select
    <if test="distinct">
      distinct
    </if>
    <include refid="Base_Column_List" />
    ,
    <include refid="Blob_Column_List" />
    from staff
    <if test="_parameter != null">
      <include refid="Example_Where_Clause" />
    </if>
    <if test="orderByClause != null">
      order by ${orderByClause}
    </if>
  </select>
  <select id="selectByExample" parameterType="com.example.restaurant_back.bean.StaffExample" resultMap="BaseResultMap">
    select
    <if test="distinct">
      distinct
    </if>
    <include refid="Base_Column_List" />
    from staff
    <if test="_parameter != null">
      <include refid="Example_Where_Clause" />
    </if>
    <if test="orderByClause != null">
      order by ${orderByClause}
    </if>
  </select>
  <select id="selectByPrimaryKey" parameterType="java.lang.String" resultMap="ResultMapWithBLOBs">
    select 
    <include refid="Base_Column_List" />
    ,
    <include refid="Blob_Column_List" />
    from staff
    where user_name = #{userName,jdbcType=VARCHAR}
  </select>
  <delete id="deleteByPrimaryKey" parameterType="java.lang.String">
    delete from staff
    where user_name = #{userName,jdbcType=VARCHAR}
  </delete>
  <delete id="deleteByExample" parameterType="com.example.restaurant_back.bean.StaffExample">
    delete from staff
    <if test="_parameter != null">
      <include refid="Example_Where_Clause" />
    </if>
  </delete>
  <insert id="insert" parameterType="com.example.restaurant_back.bean.Staff">
    insert into staff (user_name, password, id_number, 
      tel, work_id, identity, 
      name, portrait)
    values (#{userName,jdbcType=VARCHAR}, #{password,jdbcType=VARCHAR}, #{idNumber,jdbcType=VARCHAR}, 
      #{tel,jdbcType=INTEGER}, #{workId,jdbcType=INTEGER}, #{identity,jdbcType=INTEGER}, 
      #{name,jdbcType=VARCHAR}, #{portrait,jdbcType=LONGVARBINARY})
  </insert>
  <insert id="insertSelective" parameterType="com.example.restaurant_back.bean.Staff">
    insert into staff
    <trim prefix="(" suffix=")" suffixOverrides=",">
      <if test="userName != null">
        user_name,
      </if>
      <if test="password != null">
        password,
      </if>
      <if test="idNumber != null">
        id_number,
      </if>
      <if test="tel != null">
        tel,
      </if>
      <if test="workId != null">
        work_id,
      </if>
      <if test="identity != null">
        identity,
      </if>
      <if test="name != null">
        name,
      </if>
      <if test="portrait != null">
        portrait,
      </if>
    </trim>
    <trim prefix="values (" suffix=")" suffixOverrides=",">
      <if test="userName != null">
        #{userName,jdbcType=VARCHAR},
      </if>
      <if test="password != null">
        #{password,jdbcType=VARCHAR},
      </if>
      <if test="idNumber != null">
        #{idNumber,jdbcType=VARCHAR},
      </if>
      <if test="tel != null">
        #{tel,jdbcType=INTEGER},
      </if>
      <if test="workId != null">
        #{workId,jdbcType=INTEGER},
      </if>
      <if test="identity != null">
        #{identity,jdbcType=INTEGER},
      </if>
      <if test="name != null">
        #{name,jdbcType=VARCHAR},
      </if>
      <if test="portrait != null">
        #{portrait,jdbcType=LONGVARBINARY},
      </if>
    </trim>
  </insert>
  <select id="countByExample" parameterType="com.example.restaurant_back.bean.StaffExample" resultType="java.lang.Long">
    select count(*) from staff
    <if test="_parameter != null">
      <include refid="Example_Where_Clause" />
    </if>
  </select>
  <update id="updateByExampleSelective" parameterType="map">
    update staff
    <set>
      <if test="record.userName != null">
        user_name = #{record.userName,jdbcType=VARCHAR},
      </if>
      <if test="record.password != null">
        password = #{record.password,jdbcType=VARCHAR},
      </if>
      <if test="record.idNumber != null">
        id_number = #{record.idNumber,jdbcType=VARCHAR},
      </if>
      <if test="record.tel != null">
        tel = #{record.tel,jdbcType=INTEGER},
      </if>
      <if test="record.workId != null">
        work_id = #{record.workId,jdbcType=INTEGER},
      </if>
      <if test="record.identity != null">
        identity = #{record.identity,jdbcType=INTEGER},
      </if>
      <if test="record.name != null">
        name = #{record.name,jdbcType=VARCHAR},
      </if>
      <if test="record.portrait != null">
        portrait = #{record.portrait,jdbcType=LONGVARBINARY},
      </if>
    </set>
    <if test="_parameter != null">
      <include refid="Update_By_Example_Where_Clause" />
    </if>
  </update>
  <update id="updateByExampleWithBLOBs" parameterType="map">
    update staff
    set user_name = #{record.userName,jdbcType=VARCHAR},
      password = #{record.password,jdbcType=VARCHAR},
      id_number = #{record.idNumber,jdbcType=VARCHAR},
      tel = #{record.tel,jdbcType=INTEGER},
      work_id = #{record.workId,jdbcType=INTEGER},
      identity = #{record.identity,jdbcType=INTEGER},
      name = #{record.name,jdbcType=VARCHAR},
      portrait = #{record.portrait,jdbcType=LONGVARBINARY}
    <if test="_parameter != null">
      <include refid="Update_By_Example_Where_Clause" />
    </if>
  </update>
  <update id="updateByExample" parameterType="map">
    update staff
    set user_name = #{record.userName,jdbcType=VARCHAR},
      password = #{record.password,jdbcType=VARCHAR},
      id_number = #{record.idNumber,jdbcType=VARCHAR},
      tel = #{record.tel,jdbcType=INTEGER},
      work_id = #{record.workId,jdbcType=INTEGER},
      identity = #{record.identity,jdbcType=INTEGER},
      name = #{record.name,jdbcType=VARCHAR}
    <if test="_parameter != null">
      <include refid="Update_By_Example_Where_Clause" />
    </if>
  </update>
  <update id="updateByPrimaryKeySelective" parameterType="com.example.restaurant_back.bean.Staff">
    update staff
    <set>
      <if test="password != null">
        password = #{password,jdbcType=VARCHAR},
      </if>
      <if test="idNumber != null">
        id_number = #{idNumber,jdbcType=VARCHAR},
      </if>
      <if test="tel != null">
        tel = #{tel,jdbcType=INTEGER},
      </if>
      <if test="workId != null">
        work_id = #{workId,jdbcType=INTEGER},
      </if>
      <if test="identity != null">
        identity = #{identity,jdbcType=INTEGER},
      </if>
      <if test="name != null">
        name = #{name,jdbcType=VARCHAR},
      </if>
      <if test="portrait != null">
        portrait = #{portrait,jdbcType=LONGVARBINARY},
      </if>
    </set>
    where user_name = #{userName,jdbcType=VARCHAR}
  </update>
  <update id="updateByPrimaryKeyWithBLOBs" parameterType="com.example.restaurant_back.bean.Staff">
    update staff
    set password = #{password,jdbcType=VARCHAR},
      id_number = #{idNumber,jdbcType=VARCHAR},
      tel = #{tel,jdbcType=INTEGER},
      work_id = #{workId,jdbcType=INTEGER},
      identity = #{identity,jdbcType=INTEGER},
      name = #{name,jdbcType=VARCHAR},
      portrait = #{portrait,jdbcType=LONGVARBINARY}
    where user_name = #{userName,jdbcType=VARCHAR}
  </update>
  <update id="updateByPrimaryKey" parameterType="com.example.restaurant_back.bean.Staff">
    update staff
    set password = #{password,jdbcType=VARCHAR},
      id_number = #{idNumber,jdbcType=VARCHAR},
      tel = #{tel,jdbcType=INTEGER},
      work_id = #{workId,jdbcType=INTEGER},
      identity = #{identity,jdbcType=INTEGER},
      name = #{name,jdbcType=VARCHAR}
    where user_name = #{userName,jdbcType=VARCHAR}
  </update>
</mapper>